"1001","iaH gnoykmM"
"1002","eno ffats"
"1003","owt ffats"
"1001","iaH gnoykmM"
"1002","eno ffats"
"1003","owt ffats"
"1001","iaH gnoykmM"
"1002","eno ffats"
"1003","owt ffats"
"1001","iaH gnoykmM"
"1002","eno ffats"
"1003","owt ffats"
"1001","iaH gnoykmM"
"1002","eno ffats"
"1003","owt ffats"
"1001","iaH gnoykmM"
"1002","eno ffats"
"1003","owt ffats"
"1001","iaH gnoykmM"
"1002","eno ffats"
"1003","owt ffats"
"1001","iaH gnoykmM"
"1002","eno ffats"
"1003","owt ffats"
"1001","iaH gnoykmM"
"1002","eno ffats"
"1003","owt ffats"
"1001","iaH gnoykmM"
"1002","eno ffats"
"1003","owt ffats"
